uid,用户昵称,id,正文,原始图片url,视频url,位置,日期,工具,点赞数,评论数,转发数,话题,@用户
3020645137,青青醉醉,4411279240200339,我关注了赵丽颖超话，小伙伴们快来加入赵丽颖超话一起聊聊吧~戳这里→ 赵丽颖超话 ,,,,2019-08-31,超话,0,0,0,,
3020645137,青青醉醉,4411278800371158,我在祖国反黑站超话等级达到LV.4，获得小有名气头衔，小伙伴们快来加入祖国反黑站超话一起聊聊吧！祖国反黑站超话 ,,,,2019-08-31,超话,0,0,0,,
3020645137,青青醉醉,4411278778798363,我在奋斗吧少年超话等级达到LV.5，获得进阶粉丝头衔，小伙伴们快来加入奋斗吧少年超话一起聊聊吧！奋斗吧少年超话 ,,,,2019-08-31,超话,0,0,0,,
3020645137,青青醉醉,4411116672944461,"#粉丝认证号# 我刚刚通过会员特权领取了#王一博##粉丝认证号# No.0091229, 马上领取粉丝认证号，官方盖章你值得拥有！粉丝认证号：王一博 ",,,,2019-08-30,微博会员中心,0,0,0,"粉丝认证号,王一博,粉丝认证号",
3020645137,青青醉醉,4410975992163311,我关注了战山为王超话，小伙伴们快来加入战山为王超话一起聊聊吧~戳这里→ 战山为王超话 ,,,,2019-08-30,超话,0,0,0,,
3020645137,青青醉醉,4410904785225544,我正在分享王一博超话超话的积分红包，拆红包领免费积分，跟我一起应援王一博提升排名吧~！『王一博超话的积分红包』王一博超话的积分红包 ,,,,2019-08-30,荣耀Play 让快更快,0,0,0,,
3020645137,青青醉醉,4410540824456007,我在博君一肖超话等级达到LV.5，获得上下求琑头衔，小伙伴们快来加入博君一肖超话一起聊聊吧！博君一肖超话 ,,,,2019-08-29,超话,0,0,0,,
﻿3020645137,青青醉醉,4409101964091189,我关注了祖国反黑站超话，小伙伴们快来加入祖国反黑站超话一起聊聊吧~戳这里→ 祖国反黑站超话 ,,,,2019-08-25,超话,0,0,0,,
3020645137,青青醉醉,4409100236463810,@UNIQ-王一博 我在#明星势力榜#内地榜上为你加油啦，你是我今生唯一的执著哦。棒棒哒！明星势力榜第2位  ,,,,2019-08-25,荣耀Play 让快更快,0,0,0,明星势力榜,UNIQ-王一博
3020645137,青青醉醉,4409098298420290,我在王一博超话等级达到LV.6，获得活跃粉丝头衔，小伙伴们快来加入王一博超话一起聊聊吧！王一博超话 ,,,,2019-08-25,超话,0,0,0,,
﻿3020645137,青青醉醉,4408864680200597,@UNIQ-王一博 我在#明星势力榜#内地榜上为你加油啦，你是我今生唯一的执著哦。棒棒哒！明星势力榜第2位  ,,,,2019-08-24,荣耀Play 让快更快,0,0,0,明星势力榜,UNIQ-王一博
3020645137,青青醉醉,4408522756139658,我关注了博君一肖超话，小伙伴们快来加入博君一肖超话一起聊聊吧~戳这里→ 博君一肖超话 ,,,,2019-08-23,超话,0,0,0,,
3020645137,青青醉醉,4408042831225579,@UNIQ-王一博 我在#明星势力榜#内地榜上为你加油啦，你是我今生唯一的执著哦。棒棒哒！明星势力榜第2位  ,,,,2019-08-22,荣耀Play 让快更快,0,0,0,明星势力榜,UNIQ-王一博
3020645137,青青醉醉,4407990876142517,我在王一博超话等级达到LV.5，获得进阶粉丝头衔，小伙伴们快来加入王一博超话一起聊聊吧！王一博超话 ,,,,2019-08-22,超话,0,0,0,,
3020645137,青青醉醉,4407647447025987,我刚给@UNIQ-王一博 赠送了4朵鲜花，获得了8爱慕值，感觉自己萌萌哒！饭圈的亲们，快来送花应援吧！UNIQ-王一博已收到241747朵花 ,,,,2019-08-21,明星势力榜鲜花,0,0,0,,UNIQ-王一博
3020645137,青青醉醉,4407646892858608,@UNIQ-王一博 我在#明星势力榜#内地榜上为你加油啦，你是我今生唯一的执著哦。棒棒哒！明星势力榜第2位  ,,,,2019-08-21,荣耀Play 让快更快,0,0,0,明星势力榜,UNIQ-王一博
﻿3020645137,青青醉醉,4407646171542698,我在王一博超话等级达到LV.4，获得进阶粉丝头衔，小伙伴们快来加入王一博超话一起聊聊吧！王一博超话 ,,,,2019-08-21,超话,0,0,0,,
3020645137,青青醉醉,4407285666958054,我刚使用会员特权送给了@UNIQ-王一博 1朵鲜花，希望陪你从开始到未来的每一个高光时刻，我们一起走花路吧！UNIQ-王一博已收到241747朵花 ,,,,2019-08-20,明星势力榜鲜花,2,0,0,,UNIQ-王一博
3020645137,青青醉醉,4407283754679377,@UNIQ-王一博 我在#明星势力榜#内地榜上为你加油啦，你是我今生唯一的执著哦。棒棒哒！明星势力榜第2位  ,,,,2019-08-20,荣耀Play 让快更快,0,0,0,明星势力榜,UNIQ-王一博
3020645137,青青醉醉,4403163257538114,我关注了奋斗吧少年超话，小伙伴们快来加入奋斗吧少年超话一起聊聊吧~戳这里→ 奋斗吧少年超话 ,,,,2019-08-08,超话,0,0,0,,
